{"version":1.0,"type":"state->regressor","representation":"map","actions":{
		"0":"P.P->P.W { allowed(FAST), tau, act := FAST }",
		"1":"P.P->P.W { allowed(SLOW), tau, act := SLOW }",
		"2":"WAIT"
	},"statevars":[
	],"pointvars":[
		"d",
		"t"
	],"locationnames":{
		"P.location":{
			"0":"P",
			"1":"W1",
			"2":"Done",
			"3":"W"
		}
	},"regressors":{
		"(1)":
			{"type":"act->point->val","representation":"simpletree","minimize":1,"regressor":
				{
					"0":
						{"var":0,"bound":0,
							"low":
								17.7762923315552,
							"high":
								{"var":1,"bound":0.289223710168086,
									"low":
										{"var":1,"bound":0.1553845544449766,
											"low":
												17.42209365822221,
											"high":
												{"var":0,"bound":0.1997222812707394,
													"low":
														{"var":0,"bound":0.1601228270809917,
															"low":
																13.71213954392559,
															"high":
																{"var":0,"bound":0.1826835851475295,
																	"low":
																		12.73435954657962,
																	"high":
																		{"var":1,"bound":0.2365169182912994,
																			"low":
																				12.58443787685854,
																			"high":
																				12.78001799473527
																		}
																}
														},
													"high":
														{"var":0,"bound":0.2783484657838081,
															"low":
																{"var":0,"bound":0.2279140066243491,
																	"low":
																		{"var":1,"bound":0.2366702165412155,
																			"low":
																				12.40311361948663,
																			"high":
																				11.97711630735746
																		},
																	"high":
																		{"var":0,"bound":0.2447431361652731,
																			"low":
																				12.09579841200035,
																			"high":
																				10.87664437247587
																		}
																},
															"high":
																10.03311718276549
														}
												}
										},
									"high":
										{"var":0,"bound":0.5083349819998595,
											"low":
												{"var":0,"bound":0.3431336250804553,
													"low":
														{"var":0,"bound":0.2762611488945826,
															"low":
																12.4825581200563,
															"high":
																10.7750790941975
														},
													"high":
														{"var":0,"bound":0.4167800695026201,
															"low":
																9.707536829575039,
															"high":
																10.04668016591191
														}
												},
											"high":
												{"var":0,"bound":0.7779295165053298,
													"low":
														{"var":1,"bound":0.5809164255276096,
															"low":
																{"var":0,"bound":0.6496162146589244,
																	"low":
																		9.207468726096556,
																	"high":
																		{"var":0,"bound":0.7022481080882802,
																			"low":
																				{"var":1,"bound":0.4625057810168298,
																					"low":
																						5.001156166062454,
																					"high":
																						5.744314318550763
																				},
																			"high":
																				5.011724111275291
																		}
																},
															"high":
																5.123046258551982
														},
													"high":
														{"var":1,"bound":0.5809164255276096,
															"low":
																{"var":0,"bound":0.8893840696709925,
																	"low":
																		4.12043692382058,
																	"high":
																		3
																},
															"high":
																{"var":0,"bound":0.8893840696709925,
																	"low":
																		{"var":0,"bound":0.8317473592264276,
																			"low":
																				3.603034137092073,
																			"high":
																				3.283572402478554
																		},
																	"high":
																		3
																}
														}
												}
										}
								}
						},
					"1":
						{"var":1,"bound":0.4797077710274608,
							"low":
								{"var":0,"bound":0.4526888875336378,
									"low":
										{"var":0,"bound":0.1524443748217221,
											"low":
												{"var":1,"bound":0.1088801252735513,
													"low":
														{"var":1,"bound":0.02459703514033959,
															"low":
																{"var":0,"bound":0.01206250610956903,
																	"low":
																		14.30576733809973,
																	"high":
																		13.84504299925288
																},
															"high":
																{"var":1,"bound":0.0919447057331471,
																	"low":
																		12.97702656091506,
																	"high":
																		{"var":0,"bound":0.09889788482221955,
																			"low":
																				13.36749417855608,
																			"high":
																				13.14957110614596
																		}
																}
														},
													"high":
														{"var":1,"bound":0.1411868271493586,
															"low":
																{"var":0,"bound":0.1016321509154152,
																	"low":
																		{"var":0,"bound":0.08065292947106345,
																			"low":
																				13.89844022634993,
																			"high":
																				13.345389226452
																		},
																	"high":
																		{"var":0,"bound":0.1223743373840445,
																			"low":
																				13.4845851004185,
																			"high":
																				13.38051068018462
																		}
																},
															"high":
																{"var":0,"bound":0.1016321509154152,
																	"low":
																		13.5777771131387,
																	"high":
																		13.02613060078748
																}
														}
												},
											"high":
												{"var":1,"bound":0.1088801252735513,
													"low":
														13.29395988652313,
													"high":
														{"var":0,"bound":0.2681675764285657,
															"low":
																17.29044537378001,
															"high":
																{"var":0,"bound":0.3449342725979934,
																	"low":
																		16.05172487823606,
																	"high":
																		13.28684696807267
																}
														}
												}
										},
									"high":
										{"var":0,"bound":0.6647201219323258,
											"low":
												{"var":0,"bound":0.5632060777988018,
													"low":
														{"var":1,"bound":0.3216919617855555,
															"low":
																{"var":0,"bound":0.5055133304558695,
																	"low":
																		7.146203098431959,
																	"high":
																		6.334608402228618
																},
															"high":
																{"var":1,"bound":0.3808954250486068,
																	"low":
																		7.131544326395773,
																	"high":
																		6.804820390891489
																}
														},
													"high":
														{"var":1,"bound":0.3216919617855555,
															"low":
																{"var":0,"bound":0.6099565763070824,
																	"low":
																		5.336482637147492,
																	"high":
																		4.843671111618916
																},
															"high":
																{"var":0,"bound":0.6099565763070824,
																	"low":
																		{"var":0,"bound":0.5893261733217072,
																			"low":
																				6.298481602990229,
																			"high":
																				5.910480361310193
																		},
																	"high":
																		{"var":0,"bound":0.6373416279947521,
																			"low":
																				5.225522177058119,
																			"high":
																				5.416369080550484
																		}
																}
														}
												},
											"high":
												{"var":0,"bound":0.7525175691593666,
													"low":
														{"var":0,