{"version":1.0,"type":"state->regressor","representation":"map","actions":{
		"0":"P.P->P.W { allowed(FAST), tau, act := FAST }",
		"1":"P.P->P.W { allowed(SLOW), tau, act := SLOW }",
		"2":"WAIT"
	},"statevars":[
	],"pointvars":[
		"d",
		"t"
	],"locationnames":{
		"P.location":{
			"0":"P",
			"1":"W1",
			"2":"Done",
			"3":"W"
		}
	},"regressors":{
		"(1)":
			{"type":"act->point->val","representation":"simpletree","minimize":1,"regressor":
				{
					"0":
						{"var":0,"bound":0.7235907462146133,
							"low":
								{"var":0,"bound":0.3061343472478464,
									"low":
										{"var":1,"bound":0.2258713836527976,
											"low":
												15.10638242221533,
											"high":
												13.12984610263088
										},
									"high":
										23.37261372724124
								},
							"high":
								{"var":0,"bound":0.8482128009433602,
									"low":
										5.956894769655182,
									"high":
										36.33346565460585
								}
						},
					"1":
						{"var":1,"bound":0.4871516061481088,
							"low":
								{"var":0,"bound":0.4593006614274711,
									"low":
										{"var":0,"bound":0.1662613475994642,
											"low":
												{"var":0,"bound":0.04942932832758615,
													"low":
														13.26330950182272,
													"high":
														12.77377613771487
												},
											"high":
												{"var":0,"bound":0.2657278621613206,
													"low":
														12.61842338064868,
													"high":
														12.76634808897653
												}
										},
									"high":
										{"var":0,"bound":0.6222862143569478,
											"low":
												8.64746932525669,
											"high":
												6.693940602371331
										}
								},
							"high":
								{"var":1,"bound":0.6716604059921197,
									"low":
										{"var":0,"bound":0.7853191238668455,
											"low":
												16.10911107387616,
											"high":
												3.53065230299641
										},
									"high":
										42.09546629262245
								}
						}
				}
			}
	}
}